method,time,variable,stock
msy,1,state,0.7474747474747475
msy,2,state,0.671919191919192
msy,3,state,0.6060606060606061
msy,4,state,0.5454545454545455
msy,5,state,0.4921212121212122
msy,6,state,0.46060606060606063
msy,7,state,0.4048484848484849
msy,8,state,0.3486868686868687
msy,9,state,0.29131313131313136
msy,10,state,0.261010101010101
msy,11,state,0.23474747474747476
msy,12,state,0.21535353535353538
msy,13,state,0.19272727272727275
msy,14,state,0.1692929292929293
msy,15,state,0.15636363636363637
msy,16,state,0.14545454545454548
msy,17,state,0.13737373737373737
msy,18,state,0.1276767676767677
msy,19,state,0.11070707070707071
msy,20,state,0.10383838383838384
msy,21,state,0.09818181818181819
msy,22,state,0.09131313131313132
msy,23,state,0.0795959595959596
msy,24,state,0.07313131313131313
msy,25,state,0.061010101010101014
msy,26,state,0.05333333333333334
msy,27,state,0.04565656565656566
msy,28,state,0.05050505050505051
msy,29,state,0.04888888888888889
msy,30,state,0.040808080808080814
msy,31,state,0.04202020202020203
msy,32,state,0.03474747474747475
msy,33,state,0.02666666666666667
msy,34,state,0.022222222222222223
msy,35,state,0.020202020202020204
msy,36,state,0.012929292929292931
msy,37,state,0.01575757575757576
msy,38,state,0.013333333333333334
msy,39,state,0.010101010101010102
msy,40,state,0.009292929292929294
msy,41,state,0.007272727272727273
msy,42,state,0.005252525252525253
msy,43,state,0.004040404040404041
msy,44,state,8.080808080808082e-4
msy,45,state,0
msy,46,state,0
msy,47,state,0
msy,48,state,0
msy,49,state,0
msy,50,state,0
msy,51,state,0
msy,52,state,0
msy,53,state,0
msy,54,state,0
msy,55,state,0
msy,56,state,0
msy,57,state,0
msy,58,state,0
msy,59,state,0
msy,60,state,0
msy,61,state,0
msy,62,state,0
msy,63,state,0
msy,64,state,0
msy,65,state,0
msy,66,state,0
msy,67,state,0
msy,68,state,0
msy,69,state,0
msy,70,state,0
msy,71,state,0
msy,72,state,0
msy,73,state,0
msy,74,state,0
msy,75,state,0
msy,76,state,0
msy,77,state,0
msy,78,state,0
msy,79,state,0
msy,80,state,0
msy,81,state,0
msy,82,state,0
msy,83,state,0
msy,84,state,0
msy,85,state,0
msy,86,state,0
msy,87,state,0
msy,88,state,0
msy,89,state,0
msy,90,state,0
msy,91,state,0
msy,92,state,0
msy,93,state,0
msy,94,state,0
msy,95,state,0
msy,96,state,0
msy,97,state,0
msy,98,state,0
msy,99,state,0
msy,100,state,0
msy,101,state,0
msy,102,state,0
msy,103,state,0
msy,104,state,0
msy,105,state,0
msy,106,state,0
msy,107,state,0
msy,108,state,0
msy,109,state,0
msy,110,state,0
msy,111,state,0
msy,112,state,0
msy,113,state,0
msy,114,state,0
msy,115,state,0
msy,116,state,0
msy,117,state,0
msy,118,state,0
msy,119,state,0
msy,120,state,0
msy,121,state,0
msy,122,state,0
msy,123,state,0
msy,124,state,0
msy,125,state,0
msy,126,state,0
msy,127,state,0
msy,128,state,0
msy,129,state,0
msy,130,state,0
msy,131,state,0
msy,132,state,0
msy,133,state,0
msy,134,state,0
msy,135,state,0
msy,136,state,0
msy,137,state,0
msy,138,state,0
msy,139,state,0
msy,140,state,0
msy,141,state,0
msy,142,state,0
msy,143,state,0
msy,144,state,0
msy,145,state,0
msy,146,state,0
msy,147,state,0
msy,148,state,0
msy,149,state,0
msy,150,state,0
msy,151,state,0
msy,152,state,0
msy,153,state,0
msy,154,state,0
msy,155,state,0
msy,156,state,0
msy,157,state,0
msy,158,state,0
msy,159,state,0
msy,160,state,0
msy,161,state,0
msy,162,state,0
msy,163,state,0
msy,164,state,0
msy,165,state,0
msy,166,state,0
msy,167,state,0
msy,168,state,0
msy,169,state,0
msy,170,state,0
msy,171,state,0
msy,172,state,0
msy,173,state,0
msy,174,state,0
msy,175,state,0
msy,176,state,0
msy,177,state,0
msy,178,state,0
msy,179,state,0
msy,180,state,0
msy,181,state,0
msy,182,state,0
msy,183,state,0
msy,184,state,0
msy,185,state,0
msy,186,state,0
msy,187,state,0
msy,188,state,0
msy,189,state,0
msy,190,state,0
msy,191,state,0
msy,192,state,0
msy,193,state,0
msy,194,state,0
msy,195,state,0
msy,196,state,0
msy,197,state,0
msy,198,state,0
msy,199,state,0
msy,1,action,0.18181818181818182
msy,2,action,0.18181818181818182
msy,3,action,0.18181818181818182
msy,4,action,0.18181818181818182
msy,5,action,0.18181818181818182
msy,6,action,0.18181818181818182
msy,7,action,0.18181818181818182
msy,8,action,0.18181818181818182
msy,9,action,0.18181818181818182
msy,10,action,0.18181818181818182
msy,11,action,0.18181818181818182
msy,12,action,0.18181818181818182
msy,13,action,0.18181818181818182
msy,14,action,0.18181818181818182
msy,15,action,0.18181818181818182
msy,16,action,0.18181818181818182
msy,17,action,0.18181818181818182
msy,18,action,0.18181818181818182
msy,19,action,0.18181818181818182
msy,20,action,0.18181818181818182
msy,21,action,0.18181818181818182
msy,22,action,0.18181818181818182
msy,23,action,0.18181818181818182
msy,24,action,0.18181818181818182
msy,25,action,0.18181818181818182
msy,26,action,0.18181818181818182
msy,27,action,0.18181818181818182
msy,28,action,0.18181818181818182
msy,29,action,0.18181818181818182
msy,30,action,0.18181818181818182
msy,31,action,0.18181818181818182
msy,32,action,0.18181818181818182
msy,33,action,0.18181818181818182
msy,34,action,0.18181818181818182
msy,35,action,0.18181818181818182
msy,36,action,0.18181818181818182
msy,37,action,0.18181818181818182
msy,38,action,0.18181818181818182
msy,39,action,0.18181818181818182
msy,40,action,0.18181818181818182
msy,41,action,0.18181818181818182
msy,42,action,0.18181818181818182
msy,43,action,0.18181818181818182
msy,44,action,0.18181818181818182
msy,45,action,0.18181818181818182
msy,46,action,0.18181818181818182
msy,47,action,0.18181818181818182
msy,48,action,0.18181818181818182
msy,49,action,0.18181818181818182
msy,50,action,0.18181818181818182
msy,51,action,0.18181818181818182
msy,52,action,0.18181818181818182
msy,53,action,0.18181818181818182
msy,54,action,0.18181818181818182
msy,55,action,0.18181818181818182
msy,56,action,0.18181818181818182
msy,57,action,0.18181818181818182
msy,58,action,0.18181818181818182
msy,59,action,0.18181818181818182
msy,60,action,0.18181818181818182
msy,61,action,0.18181818181818182
msy,62,action,0.18181818181818182
msy,63,action,0.18181818181818182
msy,64,action,0.18181818181818182
msy,65,action,0.18181818181818182
msy,66,action,0.18181818181818182
msy,67,action,0.18181818181818182
msy,68,action,0.18181818181818182
msy,69,action,0.18181818181818182
msy,70,action,0.18181818181818182
msy,71,action,0.18181818181818182
msy,72,action,0.18181818181818182
msy,73,action,0.18181818181818182
msy,74,action,0.18181818181818182
msy,75,action,0.18181818181818182
msy,76,action,0.18181818181818182
msy,77,action,0.18181818181818182
msy,78,action,0.18181818181818182
msy,79,action,0.18181818181818182
msy,80,action,0.18181818181818182
msy,81,action,0.18181818181818182
msy,82,action,0.18181818181818182
msy,83,action,0.18181818181818182
msy,84,action,0.18181818181818182
msy,85,action,0.18181818181818182
msy,86,action,0.18181818181818182
msy,87,action,0.18181818181818182
msy,88,action,0.18181818181818182
msy,89,action,0.18181818181818182
msy,90,action,0.18181818181818182
msy,91,action,0.18181818181818182
msy,92,action,0.18181818181818182
msy,93,action,0.18181818181818182
msy,94,action,0.18181818181818182
msy,95,action,0.18181818181818182
msy,96,action,0.18181818181818182
msy,97,action,0.18181818181818182
msy,98,action,0.18181818181818182
msy,99,action,0.18181818181818182
msy,100,action,0.18181818181818182
msy,101,action,0.18181818181818182
msy,102,action,0.18181818181818182
msy,103,action,0.18181818181818182
msy,104,action,0.18181818181818182
msy,105,action,0.18181818181818182
msy,106,action,0.18181818181818182
msy,107,action,0.18181818181818182
msy,108,action,0.18181818181818182
msy,109,action,0.18181818181818182
msy,110,action,0.18181818181818182
msy,111,action,0.18181818181818182
msy,112,action,0.18181818181818182
msy,113,action,0.18181818181818182
msy,114,action,0.18181818181818182
msy,115,action,0.18181818181818182
msy,116,action,0.18181818181818182
msy,117,action,0.18181818181818182
msy,118,action,0.18181818181818182
msy,119,action,0.18181818181818182
msy,120,action,0.18181818181818182
msy,121,action,0.18181818181818182
msy,122,action,0.18181818181818182
msy,123,action,0.18181818181818182
msy,124,action,0.18181818181818182
msy,125,action,0.18181818181818182
msy,126,action,0.18181818181818182
msy,127,action,0.18181818181818182
msy,128,action,0.18181818181818182
msy,129,action,0.18181818181818182
msy,130,action,0.18181818181818182
msy,131,action,0.18181818181818182
msy,132,action,0.18181818181818182
msy,133,action,0.18181818181818182
msy,134,action,0.18181818181818182
msy,135,action,0.18181818181818182
msy,136,action,0.18181818181818182
msy,137,action,0.18181818181818182
msy,138,action,0.18181818181818182
msy,139,action,0.18181818181818182
msy,140,action,0.18181818181818182
msy,141,action,0.18181818181818182
msy,142,action,0.18181818181818182
msy,143,action,0.18181818181818182
msy,144,action,0.18181818181818182
msy,145,action,0.18181818181818182
msy,146,action,0.18181818181818182
msy,147,action,0.18181818181818182
msy,148,action,0.18181818181818182
msy,149,action,0.18181818181818182
msy,150,action,0.18181818181818182
msy,151,action,0.18181818181818182
msy,152,action,0.18181818181818182
msy,153,action,0.18181818181818182
msy,154,action,0.18181818181818182
msy,155,action,0.18181818181818182
msy,156,action,0.18181818181818182
msy,157,action,0.18181818181818182
msy,158,action,0.18181818181818182
msy,159,action,0.18181818181818182
msy,160,action,0.18181818181818182
msy,161,action,0.18181818181818182
msy,162,action,0.18181818181818182
msy,163,action,0.18181818181818182
msy,164,action,0.18181818181818182
msy,165,action,0.18181818181818182
msy,166,action,0.18181818181818182
msy,167,action,0.18181818181818182
msy,168,action,0.18181818181818182
msy,169,action,0.18181818181818182
msy,170,action,0.18181818181818182
msy,171,action,0.18181818181818182
msy,172,action,0.18181818181818182
msy,173,action,0.18181818181818182
msy,174,action,0.18181818181818182
msy,175,action,0.18181818181818182
msy,176,action,0.18181818181818182
msy,177,action,0.18181818181818182
msy,178,action,0.18181818181818182
msy,179,action,0.18181818181818182
msy,180,action,0.18181818181818182
msy,181,action,0.18181818181818182
msy,182,action,0.18181818181818182
msy,183,action,0.18181818181818182
msy,184,action,0.18181818181818182
msy,185,action,0.18181818181818182
msy,186,action,0.18181818181818182
msy,187,action,0.18181818181818182
msy,188,action,0.18181818181818182
msy,189,action,0.18181818181818182
msy,190,action,0.18181818181818182
msy,191,action,0.18181818181818182
msy,192,action,0.18181818181818182
msy,193,action,0.18181818181818182
msy,194,action,0.18181818181818182
msy,195,action,0.18181818181818182
msy,196,action,0.18181818181818182
msy,197,action,0.18181818181818182
msy,198,action,0.18181818181818182
msy,199,action,0.18181818181818182
det,1,state,0.7474747474747475
det,2,state,0.42020202020202024
det,3,state,0.4492929292929293
det,4,state,0.397979797979798
det,5,state,0.4044444444444445
det,6,state,0.3337373737373738
det,7,state,0.3571717171717172
det,8,state,0.32202020202020204
det,9,state,0.32282828282828285
det,10,state,0.32282828282828285
det,11,state,0.3341414141414142
det,12,state,0.37010101010101015
det,13,state,0.3680808080808081
det,14,state,0.34181818181818185
det,15,state,0.3103030303030303
det,16,state,0.3446464646464647
det,17,state,0.34020202020202023
det,18,state,0.34060606060606063
det,19,state,0.36000000000000004
det,20,state,0.28606060606060607
det,21,state,0.31393939393939396
det,22,state,0.32727272727272727
det,23,state,0.34585858585858587
det,24,state,0.2977777777777778
det,25,state,0.2585858585858586
det,26,state,0.2703030303030303
det,27,state,0.27636363636363637
det,28,state,0.29454545454545455
det,29,state,0.30383838383838385
det,30,state,0.28161616161616165
det,31,state,0.2868686868686869
det,32,state,0.31191919191919193
det,33,state,0.29454545454545455
det,34,state,0.2868686868686869
det,35,state,0.2880808080808081
det,36,state,0.27595959595959596
det,37,state,0.28444444444444444
det,38,state,0.30141414141414147
det,39,state,0.30303030303030304
det,40,state,0.28484848484848485
det,41,state,0.27232323232323236
det,42,state,0.2597979797979798
det,43,state,0.24242424242424243
det,44,state,0.26181818181818184
det,45,state,0.2743434343434344
det,46,state,0.25292929292929295
det,47,state,0.2391919191919192
det,48,state,0.2274747474747475
det,49,state,0.22505050505050506
det,50,state,0.20121212121212123
det,51,state,0.20040404040404042
det,52,state,0.19515151515151516
det,53,state,0.19636363636363638
det,54,state,0.2371717171717172
det,55,state,0.19676767676767679
det,56,state,0.20080808080808082
det,57,state,0.1971717171717172
det,58,state,0.1975757575757576
det,59,state,0.21454545454545457
det,60,state,0.19070707070707071
det,61,state,0.18020202020202022
det,62,state,0.2088888888888889
det,63,state,0.20444444444444446
det,64,state,0.19595959595959597
det,65,state,0.17979797979797982
det,66,state,0.16404040404040404
det,67,state,0.12121212121212122
det,68,state,0.13454545454545455
det,69,state,0.14020202020202022
det,70,state,0.14545454545454548
det,71,state,0.15030303030303033
det,72,state,0.14141414141414144
det,73,state,0.12121212121212122
det,74,state,0.1276767676767677
det,75,state,0.12282828282828284
det,76,state,0.12444444444444445
det,77,state,0.138989898989899
det,78,state,0.13575757575757577
det,79,state,0.13454545454545455
det,80,state,0.12606060606060607
det,81,state,0.13818181818181818
det,82,state,0.12525252525252525
det,83,state,0.11595959595959597
det,84,state,0.12040404040404042
det,85,state,0.10101010101010102
det,86,state,0.1094949494949495
det,87,state,0.12686868686868688
det,88,state,0.11676767676767677
det,89,state,0.12080808080808081
det,90,state,0.12525252525252525
det,91,state,0.12323232323232325
det,92,state,0.1195959595959596
det,93,state,0.10343434343434345
det,94,state,0.1187878787878788
det,95,state,0.1195959595959596
det,96,state,0.08686868686868687
det,97,state,0.10222222222222223
det,98,state,0.08767676767676769
det,99,state,0.10222222222222223
det,100,state,0.0993939393939394
det,101,state,0.09333333333333334
det,102,state,0.0896969696969697
det,103,state,0.0896969696969697
det,104,state,0.0698989898989899
det,105,state,0.08525252525252526
det,106,state,0.07434343434343435
det,107,state,0.0884848484848485
det,108,state,0.08444444444444445
det,109,state,0.08767676767676769
det,110,state,0.08
det,111,state,0.0997979797979798
det,112,state,0.08525252525252526
det,113,state,0.06424242424242425
det,114,state,0.06060606060606061
det,115,state,0.07070707070707072
det,116,state,0.06262626262626263
det,117,state,0.055353535353535356
det,118,state,0.06707070707070707
det,119,state,0.08404040404040405
det,120,state,0.0896969696969697
det,121,state,0.06424242424242425
det,122,state,0.03797979797979798
det,123,state,0.023434343434343436
det,124,state,0.03434343434343434
det,125,state,0.04242424242424243
det,126,state,0.03797979797979798
det,127,state,0.046060606060606066
det,128,state,0.03636363636363637
det,129,state,0.039191919191919194
det,130,state,0.039191919191919194
det,131,state,0.04000000000000001
det,132,state,0.02787878787878788
det,133,state,0.025454545454545455
det,134,state,0.026262626262626265
det,135,state,0.03636363636363637
det,136,state,0.03595959595959596
det,137,state,0.046464646464646465
det,138,state,0.04040404040404041
det,139,state,0.035555555555555556
det,140,state,0.03676767676767677
det,141,state,0.03393939393939394
det,142,state,0.028282828282828285
det,143,state,0.03878787878787879
det,144,state,0.041212121212121214
det,145,state,0.030303030303030307
det,146,state,0.03474747474747475
det,147,state,0.023030303030303033
det,148,state,0.03474747474747475
det,149,state,0.01616161616161616
det,150,state,0.017373737373737375
det,151,state,0.02262626262626263
det,152,state,0.022222222222222223
det,153,state,0.01818181818181818
det,154,state,0.025050505050505052
det,155,state,0.028282828282828285
det,156,state,0.023434343434343436
det,157,state,0.015353535353535355
det,158,state,0.025858585858585862
det,159,state,0.02787878787878788
det,160,state,0.029494949494949498
det,161,state,0.018585858585858588
det,162,state,0.023030303030303033
det,163,state,0.020202020202020204
det,164,state,0.025858585858585862
det,165,state,0.031919191919191924
det,166,state,0.025050505050505052
det,167,state,0.03070707070707071
det,168,state,0.03393939393939394
det,169,state,0.03151515151515152
det,170,state,0.0298989898989899
det,171,state,0.027474747474747478
det,172,state,0.017777777777777778
det,173,state,0.017777777777777778
det,174,state,0.014141414141414142
det,175,state,0.018585858585858588
det,176,state,0.014545454545454547
det,177,state,0.016565656565656568
det,178,state,0.024242424242424246
det,179,state,0.021414141414141413
det,180,state,0.01898989898989899
det,181,state,0.0197979797979798
det,182,state,0.011717171717171718
det,183,state,0.017373737373737375
det,184,state,0.017373737373737375
det,185,state,0.01898989898989899
det,186,state,0.018181818181818184
det,187,state,0.017777777777777778
det,188,state,0.02545454545454546
det,189,state,0.022626262626262626
det,190,state,0.022626262626262626
det,191,state,0.02383838383838384
det,192,state,0.022222222222222223
det,193,state,0.022626262626262626
det,194,state,0.021414141414141417
det,195,state,0.025050505050505052
det,196,state,0.015353535353535355
det,197,state,0.021414141414141413
det,198,state,0.02383838383838384
det,199,state,0.022222222222222227
det,1,action,0.47111111111111115
det,2,action,0.12404040404040405
det,3,action,0.18707070707070708
det,4,action,0.12404040404040405
det,5,action,0.17535353535353537
det,6,action,0.0985858585858586
det,7,action,0.15151515151515152
det,8,action,0.11474747474747475
det,9,action,0.11313131313131314
det,10,action,0.10545454545454547
det,11,action,0.08888888888888889
det,12,action,0.12686868686868688
det,13,action,0.13616161616161618
det,14,action,0.13252525252525255
det,15,action,0.08686868686868687
det,16,action,0.11313131313131314
det,17,action,0.12040404040404042
det,18,action,0.11070707070707071
det,19,action,0.16080808080808082
det,20,action,0.0698989898989899
det,21,action,0.0985858585858586
det,22,action,0.10626262626262627
det,23,action,0.13777777777777778
det,24,action,0.11272727272727273
det,25,action,0.09131313131313132
det,26,action,0.09454545454545456
det,27,action,0.08727272727272728
det,28,action,0.0905050505050505
det,29,action,0.10828282828282829
det,30,action,0.07636363636363637
det,31,action,0.08727272727272728
det,32,action,0.11353535353535354
det,33,action,0.10868686868686869
det,34,action,0.09777777777777778
det,35,action,0.09818181818181819
det,36,action,0.08161616161616163
det,37,action,0.09494949494949496
det,38,action,0.09777777777777778
det,39,action,0.12323232323232325
det,40,action,0.09696969696969698
det,41,action,0.10262626262626263
det,42,action,0.09010101010101011
det,43,action,0.07636363636363637
det,44,action,0.07434343434343435
det,45,action,0.09494949494949495
det,46,action,0.09212121212121213
det,47,action,0.09939393939393941
det,48,action,0.08121212121212122
det,49,action,0.09212121212121213
det,50,action,0.07797979797979798
det,51,action,0.06585858585858587
det,52,action,0.0593939393939394
det,53,action,0.050101010101010104
det,54,action,0.1094949494949495
det,55,action,0.06505050505050505
det,56,action,0.07030303030303031
det,57,action,0.07030303030303031
det,58,action,0.06383838383838385
det,59,action,0.08323232323232324
det,60,action,0.07353535353535354
det,61,action,0.048484848484848485
det,62,action,0.07232323232323233
det,63,action,0.07757575757575758
det,64,action,0.08040404040404041
det,65,action,0.08404040404040404
det,66,action,0.08080808080808081
det,67,action,0.035555555555555556
det,68,action,0.046060606060606066
det,69,action,0.04727272727272728
det,70,action,0.05292929292929293
det,71,action,0.05454545454545455
det,72,action,0.06060606060606061
det,73,action,0.0298989898989899
det,74,action,0.039191919191919194
det,75,action,0.03474747474747475
det,76,action,0.03595959595959596
det,77,action,0.04525252525252526
det,78,action,0.04525252525252525
det,79,action,0.05050505050505051
det,80,action,0.03676767676767677
det,81,action,0.05131313131313132
det,82,action,0.04161616161616162
det,83,action,0.030303030303030307
det,84,action,0.05252525252525253
det,85,action,0.027474747474747478
det,86,action,0.02262626262626263
det,87,action,0.044040404040404046
det,88,action,0.037575757575757575
det,89,action,0.04
det,90,action,0.03878787878787879
det,91,action,0.037575757575757575
det,92,action,0.04848484848484849
det,93,action,0.028686868686868688
det,94,action,0.041212121212121214
det,95,action,0.06262626262626263
det,96,action,0.02383838383838384
det,97,action,0.04848484848484849
det,98,action,0.025858585858585862
det,99,action,0.03676767676767677
det,100,action,0.041212121212121214
det,101,action,0.029494949494949498
det,102,action,0.027070707070707075
det,103,action,0.048080808080808085
det,104,action,0.01494949494949495
det,105,action,0.030707070707070707
det,106,action,0.010505050505050507
det,107,action,0.025858585858585862
det,108,action,0.024242424242424246
det,109,action,0.031919191919191924
det,110,action,0.013333333333333334
det,111,action,0.04242424242424243
det,112,action,0.04363636363636364
det,113,action,0.028282828282828285
det,114,action,0.01616161616161616
det,115,action,0.03434343434343434
det,116,action,0.02383838383838384
det,117,action,0.012121212121212123
det,118,action,0.014949494949494952
det,119,action,0.031919191919191924
det,120,action,0.052121212121212124
det,121,action,0.04040404040404041
det,122,action,0.01898989898989899
det,123,action,0.003636363636363637
det,124,action,0.008484848484848486
det,125,action,0.017373737373737375
det,126,action,0.008484848484848486
det,127,action,0.019393939393939397
det,128,action,0.006868686868686869
det,129,action,0.012525252525252526
det,130,action,0.012929292929292931
det,131,action,0.022222222222222223
det,132,action,0.01090909090909091
det,133,action,0.007676767676767678
det,134,action,0.003636363636363637
det,135,action,0.014141414141414142
det,136,action,0.0060606060606060615
det,137,action,0.0197979797979798
det,138,action,0.020606060606060607
det,139,action,0.013737373737373737
det,140,action,0.014545454545454547
det,141,action,0.016161616161616165
det,142,action,0.009696969696969697
det,143,action,0.005252525252525253
det,144,action,0.024242424242424246
det,145,action,0.00888888888888889
det,146,action,0.020606060606060607
det,147,action,8.080808080808082e-4
det,148,action,0.023434343434343436
det,149,action,0.007676767676767678
det,150,action,0.00202020202020202
det,151,action,0.007676767676767678
det,152,action,0.010505050505050507
det,153,action,0
det,154,action,0.009696969696969697
det,155,action,0.010101010101010102
det,156,action,0.012121212121212121
det,157,action,8.080808080808082e-4
det,158,action,0.007676767676767678
det,159,action,0.007676767676767677
det,160,action,0.020606060606060607
det,161,action,0.0044444444444444444
det,162,action,0.007676767676767678
det,163,action,8.080808080808082e-4
det,164,action,0.0060606060606060615
det,165,action,0.014141414141414142
det,166,action,0.005252525252525253
det,167,action,0.0060606060606060615
det,168,action,0.012929292929292931
det,169,action,0.0048484848484848485
det,170,action,0.010101010101010102
det,171,action,0.016161616161616165
det,172,action,0.0044444444444444444
det,173,action,0.005656565656565657
det,174,action,0.0028282828282828287
det,175,action,0.008888888888888889
det,176,action,0.0024242424242424242
det,177,action,8.080808080808082e-4
det,178,action,0.00888888888888889
det,179,action,0.0068686868686868695
det,180,action,0.004040404040404041
det,181,action,0.012121212121212121
det,182,action,4.040404040404041e-4
det,183,action,0.0048484848484848485
det,184,action,0.003636363636363637
det,185,action,0.0060606060606060615
det,186,action,0.008080808080808083
det,187,action,0.0012121212121212121
det,188,action,0.011313131313131313
det,189,action,0.009696969696969697
det,190,action,0.006060606060606061
det,191,action,0.0064646464646464655
det,192,action,0.008888888888888889
det,193,action,0.00808080808080808
det,194,action,0.0032323232323232328
det,195,action,0.014545454545454545
det,196,action,8.080808080808082e-4
det,197,action,0.005252525252525253
det,198,action,0.0056565656565656566
det,199,action,0.012929292929292931
pgy,1,state,0.7474747474747475
pgy,2,state,0.6820202020202021
pgy,3,state,0.667878787878788
pgy,4,state,0.6367676767676769
pgy,5,state,0.6189898989898991
pgy,6,state,0.604040404040404
pgy,7,state,0.5987878787878789
pgy,8,state,0.612929292929293
pgy,9,state,0.6274747474747475
pgy,10,state,0.621010101010101
pgy,11,state,0.6056565656565657
pgy,12,state,0.612929292929293
pgy,13,state,0.5979797979797981
pgy,14,state,0.5935353535353536
pgy,15,state,0.5878787878787879
pgy,16,state,0.5826262626262627
pgy,17,state,0.593939393939394
pgy,18,state,0.6125252525252526
pgy,19,state,0.5951515151515152
pgy,20,state,0.5971717171717172
pgy,21,state,0.5834343434343435
pgy,22,state,0.5781818181818182
pgy,23,state,0.5503030303030303
pgy,24,state,0.5482828282828284
pgy,25,state,0.5397979797979798
pgy,26,state,0.553939393939394
pgy,27,state,0.555959595959596
pgy,28,state,0.5361616161616162
pgy,29,state,0.5195959595959596
pgy,30,state,0.5418181818181819
pgy,31,state,0.5353535353535354
pgy,32,state,0.5402020202020202
pgy,33,state,0.5438383838383839
pgy,34,state,0.5321212121212122
pgy,35,state,0.5357575757575758
pgy,36,state,0.5272727272727273
pgy,37,state,0.515959595959596
pgy,38,state,0.5042424242424243
pgy,39,state,0.5070707070707071
pgy,40,state,0.4747474747474748
pgy,41,state,0.4771717171717172
pgy,42,state,0.4775757575757576
pgy,43,state,0.4727272727272728
pgy,44,state,0.46666666666666673
pgy,45,state,0.47191919191919196
pgy,46,state,0.4650505050505051
pgy,47,state,0.4496969696969697
pgy,48,state,0.44000000000000006
pgy,49,state,0.437979797979798
pgy,50,state,0.437979797979798
pgy,51,state,0.4468686868686869
pgy,52,state,0.4351515151515152
pgy,53,state,0.4222222222222223
pgy,54,state,0.41575757575757577
pgy,55,state,0.4270707070707071
pgy,56,state,0.42343434343434344
pgy,57,state,0.42505050505050507
pgy,58,state,0.42181818181818187
pgy,59,state,0.4315151515151516
pgy,60,state,0.43030303030303035
pgy,61,state,0.43070707070707076
pgy,62,state,0.416969696969697
pgy,63,state,0.42141414141414146
pgy,64,state,0.41090909090909095
pgy,65,state,0.4315151515151516
pgy,66,state,0.40282828282828287
pgy,67,state,0.3963636363636364
pgy,68,state,0.3866666666666667
pgy,69,state,0.39191919191919194
pgy,70,state,0.3842424242424243
pgy,71,state,0.36121212121212126
pgy,72,state,0.37252525252525254
pgy,73,state,0.3862626262626263
pgy,74,state,0.37252525252525254
pgy,75,state,0.37333333333333335
pgy,76,state,0.3684848484848485
pgy,77,state,0.3567676767676768
pgy,78,state,0.3438383838383839
pgy,79,state,0.34020202020202023
pgy,80,state,0.3474747474747475
pgy,81,state,0.35030303030303034
pgy,82,state,0.3434343434343435
pgy,83,state,0.3341414141414142
pgy,84,state,0.34464646464646465
pgy,85,state,0.3292929292929293
pgy,86,state,0.33656565656565657
pgy,87,state,0.3248484848484849
pgy,88,state,0.3292929292929293
pgy,89,state,0.3393939393939394
pgy,90,state,0.3292929292929293
pgy,91,state,0.3272727272727273
pgy,92,state,0.31838383838383844
pgy,93,state,0.3074747474747475
pgy,94,state,0.3074747474747475
pgy,95,state,0.30343434343434345
pgy,96,state,0.3155555555555556
pgy,97,state,0.28484848484848485
pgy,98,state,0.273939393939394
pgy,99,state,0.2690909090909091
pgy,100,state,0.27070707070707073
pgy,101,state,0.2602020202020202
pgy,102,state,0.2674747474747475
pgy,103,state,0.26707070707070707
pgy,104,state,0.28444444444444444
pgy,105,state,0.277979797979798
pgy,106,state,0.2787878787878788
pgy,107,state,0.2602020202020202
pgy,108,state,0.26666666666666666
pgy,109,state,0.2698989898989899
pgy,110,state,0.27555555555555555
pgy,111,state,0.2557575757575758
pgy,112,state,0.2735353535353536
pgy,113,state,0.2791919191919192
pgy,114,state,0.27111111111111114
pgy,115,state,0.2751515151515152
pgy,116,state,0.26303030303030306
pgy,117,state,0.2606060606060606
pgy,118,state,0.2513131313131313
pgy,119,state,0.24363636363636365
pgy,120,state,0.24727272727272728
pgy,121,state,0.25252525252525254
pgy,122,state,0.2480808080808081
pgy,123,state,0.24323232323232324
pgy,124,state,0.2476767676767677
pgy,125,state,0.23515151515151517
pgy,126,state,0.23595959595959598
pgy,127,state,0.22505050505050506
pgy,128,state,0.2274747474747475
pgy,129,state,0.21494949494949497
pgy,130,state,0.21616161616161617
pgy,131,state,0.20969696969696972
pgy,132,state,0.1975757575757576
pgy,133,state,0.19191919191919193
pgy,134,state,0.18909090909090912
pgy,135,state,0.1793939393939394
pgy,136,state,0.17454545454545456
pgy,137,state,0.1878787878787879
pgy,138,state,0.17292929292929293
pgy,139,state,0.17373737373737375
pgy,140,state,0.17656565656565656
pgy,141,state,0.17252525252525253
pgy,142,state,0.18181818181818182
pgy,143,state,0.17737373737373738
pgy,144,state,0.17010101010101011
pgy,145,state,0.16767676767676767
pgy,146,state,0.16121212121212122
pgy,147,state,0.17414141414141415
pgy,148,state,0.1785858585858586
pgy,149,state,0.1781818181818182
pgy,150,state,0.1793939393939394
pgy,151,state,0.17777777777777778
pgy,152,state,0.1793939393939394
pgy,153,state,0.18585858585858586
pgy,154,state,0.19313131313131315
pgy,155,state,0.18424242424242426
pgy,156,state,0.17373737373737375
pgy,157,state,0.17252525252525255
pgy,158,state,0.17616161616161619
pgy,159,state,0.17212121212121215
pgy,160,state,0.16444444444444445
pgy,161,state,0.16161616161616163
pgy,162,state,0.1696969696969697
pgy,163,state,0.1688888888888889
pgy,164,state,0.17090909090909093
pgy,165,state,0.16202020202020204
pgy,166,state,0.15313131313131315
pgy,167,state,0.1486868686868687
pgy,168,state,0.14464646464646466
pgy,169,state,0.1482828282828283
pgy,170,state,0.14545454545454548
pgy,171,state,0.14141414141414144
pgy,172,state,0.15191919191919193
pgy,173,state,0.1478787878787879
pgy,174,state,0.15353535353535355
pgy,175,state,0.15030303030303033
pgy,176,state,0.1595959595959596
pgy,177,state,0.15434343434343437
pgy,178,state,0.14262626262626263
pgy,179,state,0.14141414141414144
pgy,180,state,0.14101010101010103
pgy,181,state,0.1305050505050505
pgy,182,state,0.12363636363636364
pgy,183,state,0.11717171717171718
pgy,184,state,0.12444444444444445
pgy,185,state,0.1288888888888889
pgy,186,state,0.12040404040404042
pgy,187,state,0.12161616161616162
pgy,188,state,0.12444444444444445
pgy,189,state,0.12282828282828284
pgy,190,state,0.11191919191919193
pgy,191,state,0.10303030303030304
pgy,192,state,0.10222222222222223
pgy,193,state,0.10707070707070708
pgy,194,state,0.0985858585858586
pgy,195,state,0.09252525252525254
pgy,196,state,0.09171717171717172
pgy,197,state,0.10626262626262627
pgy,198,state,0.10989898989898991
pgy,199,state,0.10020202020202021
pgy,1,action,0.14141414141414144
pgy,2,action,0.14141414141414144
pgy,3,action,0.14141414141414144
pgy,4,action,0.14141414141414144
pgy,5,action,0.14141414141414144
pgy,6,action,0.14141414141414144
pgy,7,action,0.14141414141414144
pgy,8,action,0.14141414141414144
pgy,9,action,0.14141414141414144
pgy,10,action,0.14141414141414144
pgy,11,action,0.14141414141414144
pgy,12,action,0.14141414141414144
pgy,13,action,0.14141414141414144
pgy,14,action,0.14141414141414144
pgy,15,action,0.14141414141414144
pgy,16,action,0.14141414141414144
pgy,17,action,0.14141414141414144
pgy,18,action,0.14141414141414144
pgy,19,action,0.14141414141414144
pgy,20,action,0.14141414141414144
pgy,21,action,0.14141414141414144
pgy,22,action,0.14141414141414144
pgy,23,action,0.14141414141414144
pgy,24,action,0.14141414141414144
pgy,25,action,0.14141414141414144
pgy,26,action,0.14141414141414144
pgy,27,action,0.14141414141414144
pgy,28,action,0.14141414141414144
pgy,29,action,0.14141414141414144
pgy,30,action,0.14141414141414144
pgy,31,action,0.14141414141414144
pgy,32,action,0.14141414141414144
pgy,33,action,0.14141414141414144
pgy,34,action,0.14141414141414144
pgy,35,action,0.14141414141414144
pgy,36,action,0.14141414141414144
pgy,37,action,0.14141414141414144
pgy,38,action,0.14141414141414144
pgy,39,action,0.14141414141414144
pgy,40,action,0.14141414141414144
pgy,41,action,0.14141414141414144
pgy,42,action,0.14141414141414144
pgy,43,action,0.14141414141414144
pgy,44,action,0.14141414141414144
pgy,45,action,0.14141414141414144
pgy,46,action,0.14141414141414144
pgy,47,action,0.14141414141414144
pgy,48,action,0.14141414141414144
pgy,49,action,0.14141414141414144
pgy,50,action,0.14141414141414144
pgy,51,action,0.14141414141414144
pgy,52,action,0.14141414141414144
pgy,53,action,0.14141414141414144
pgy,54,action,0.14141414141414144
pgy,55,action,0.14141414141414144
pgy,56,action,0.14141414141414144
pgy,57,action,0.14141414141414144
pgy,58,action,0.14141414141414144
pgy,59,action,0.14141414141414144
pgy,60,action,0.14141414141414144
pgy,61,action,0.14141414141414144
pgy,62,action,0.14141414141414144
pgy,63,action,0.14141414141414144
pgy,64,action,0.14141414141414144
pgy,65,action,0.14141414141414144
pgy,66,action,0.14141414141414144
pgy,67,action,0.14141414141414144
pgy,68,action,0.14141414141414144
pgy,69,action,0.14141414141414144
pgy,70,action,0.14141414141414144
pgy,71,action,0.14141414141414144
pgy,72,action,0.14141414141414144
pgy,73,action,0.14141414141414144
pgy,74,action,0.14141414141414144
pgy,75,action,0.14141414141414144
pgy,76,action,0.14141414141414144
pgy,77,action,0.14141414141414144
pgy,78,action,0.14141414141414144
pgy,79,action,0.14141414141414144
pgy,80,action,0.14141414141414144
pgy,81,action,0.14141414141414144
pgy,82,action,0.14141414141414144
pgy,83,action,0.14141414141414144
pgy,84,action,0.14141414141414144
pgy,85,action,0.14141414141414144
pgy,86,action,0.14141414141414144
pgy,87,action,0.14141414141414144
pgy,88,action,0.14141414141414144
pgy,89,action,0.14141414141414144
pgy,90,action,0.14141414141414144
pgy,91,action,0.14141414141414144
pgy,92,action,0.14141414141414144
pgy,93,action,0.14141414141414144
pgy,94,action,0.14141414141414144
pgy,95,action,0.14141414141414144
pgy,96,action,0.14141414141414144
pgy,97,action,0.14141414141414144
pgy,98,action,0.14141414141414144
pgy,99,action,0.14141414141414144
pgy,100,action,0.14141414141414144
pgy,101,action,0.14141414141414144
pgy,102,action,0.14141414141414144
pgy,103,action,0.14141414141414144
pgy,104,action,0.14141414141414144
pgy,105,action,0.14141414141414144
pgy,106,action,0.14141414141414144
pgy,107,action,0.14141414141414144
pgy,108,action,0.14141414141414144
pgy,109,action,0.14141414141414144
pgy,110,action,0.14141414141414144
pgy,111,action,0.14141414141414144
pgy,112,action,0.14141414141414144
pgy,113,action,0.14141414141414144
pgy,114,action,0.14141414141414144
pgy,115,action,0.14141414141414144
pgy,116,action,0.14141414141414144
pgy,117,action,0.14141414141414144
pgy,118,action,0.14141414141414144
pgy,119,action,0.14141414141414144
pgy,120,action,0.14141414141414144
pgy,121,action,0.14141414141414144
pgy,122,action,0.14141414141414144
pgy,123,action,0.14141414141414144
pgy,124,action,0.14141414141414144
pgy,125,action,0.14141414141414144
pgy,126,action,0.14141414141414144
pgy,127,action,0.14141414141414144
pgy,128,action,0.14141414141414144
pgy,129,action,0.14141414141414144
pgy,130,action,0.14141414141414144
pgy,131,action,0.14141414141414144
pgy,132,action,0.14141414141414144
pgy,133,action,0.14141414141414144
pgy,134,action,0.14141414141414144
pgy,135,action,0.14141414141414144
pgy,136,action,0.14141414141414144
pgy,137,action,0.14141414141414144
pgy,138,action,0.14141414141414144
pgy,139,action,0.14141414141414144
pgy,140,action,0.14141414141414144
pgy,141,action,0.14141414141414144
pgy,142,action,0.14141414141414144
pgy,143,action,0.14141414141414144
pgy,144,action,0.14141414141414144
pgy,145,action,0.14141414141414144
pgy,146,action,0.14141414141414144
pgy,147,action,0.14141414141414144
pgy,148,action,0.14141414141414144
pgy,149,action,0.14141414141414144
pgy,150,action,0.14141414141414144
pgy,151,action,0.14141414141414144
pgy,152,action,0.14141414141414144
pgy,153,action,0.14141414141414144
pgy,154,action,0.14141414141414144
pgy,155,action,0.14141414141414144
pgy,156,action,0.14141414141414144
pgy,157,action,0.14141414141414144
pgy,158,action,0.14141414141414144
pgy,159,action,0.14141414141414144
pgy,160,action,0.14141414141414144
pgy,161,action,0.14141414141414144
pgy,162,action,0.14141414141414144
pgy,163,action,0.14141414141414144
pgy,164,action,0.14141414141414144
pgy,165,action,0.14141414141414144
pgy,166,action,0.14141414141414144
pgy,167,action,0.14141414141414144
pgy,168,action,0.14141414141414144
pgy,169,action,0.14141414141414144
pgy,170,action,0.14141414141414144
pgy,171,action,0.14141414141414144
pgy,172,action,0.14141414141414144
pgy,173,action,0.14141414141414144
pgy,174,action,0.14141414141414144
pgy,175,action,0.14141414141414144
pgy,176,action,0.14141414141414144
pgy,177,action,0.14141414141414144
pgy,178,action,0.14141414141414144
pgy,179,action,0.14141414141414144
pgy,180,action,0.14141414141414144
pgy,181,action,0.14141414141414144
pgy,182,action,0.14141414141414144
pgy,183,action,0.14141414141414144
pgy,184,action,0.14141414141414144
pgy,185,action,0.14141414141414144
pgy,186,action,0.14141414141414144
pgy,187,action,0.14141414141414144
pgy,188,action,0.14141414141414144
pgy,189,action,0.14141414141414144
pgy,190,action,0.14141414141414144
pgy,191,action,0.14141414141414144
pgy,192,action,0.14141414141414144
pgy,193,action,0.14141414141414144
pgy,194,action,0.14141414141414144
pgy,195,action,0.14141414141414144
pgy,196,action,0.14141414141414144
pgy,197,action,0.14141414141414144
pgy,198,action,0.14141414141414144
pgy,199,action,0.14141414141414144
